4 Dormeurs Et 1 Marteau Piqueur;572cefe9fc7b7e5e0f8b456a
Absolute Frost;572cefe9fc7b7eb60f8b456c
And Another One;572cefeafc7b7e5e0f8b456b
Bronze Korean;572cefeafb7b7e70298b4569
Clooz;572cefebfc7b7e6b0f8b4568
Coucouch Clan;572cefebfb7b7e6a2a8b456a
Csg Brotherhood;572cefecfc7b7e5e0f8b456c
E-lvet Darkwall;572cefecfb7b7e70298b456a
E-lvets Firststone;572cefedfc7b7eb60f8b456d
E-lvets Val Hey;572cefedfb7b7e6a2a8b456b
Eca Jolly Chimps;572cefeefc7b7e5e0f8b456d
Imperium;572cefeefc7b7e6b0f8b4569
Lf Jungle Pls;572cefeefb7b7e70298b456b
Oxystyle;572cefeffc7b7e5e0f8b456e
Patatogaming;572cefeffb7b7ed0298b4567
pØlø;572ceff0fc7b7e6b0f8b456a
Soupeur Hot Crew;572ceff0fb7b7e6a2a8b456c
Supercalifragilisticexpialidocious;572ceff0fc7b7eb60f8b456f
Tilt Runs Deep With Us;572ceff1fc7b7e5e0f8b456f
Tu Crois Tu Me Connais;572ceff1fb7b7ed0298b4568
Whitecross Gaming;572ceff2fc7b7eb60f8b4570
